Дата;Сумма;Описание
2025-11-30;000.00;12:31 644929 Прочие операции 5
2025-11-30;0;SBERBANK ONL@IN KARTA-VKLAD. Операция по
2025-11-30;360.00;11:42 887248 Перевод с карты
2025-11-30;0;Перевод для П. Павел Владимирович. Операция
2025-11-30;000.00;04:41 750210 Перевод на карту +2
2025-11-30;0;Перевод от Б. Татьяна Викторовна. Операция по
2025-11-29;-119.96;11:41 046335 Супермаркеты
2025-11-29;0;YARCHE Novosibirsk RUS. Операция по карте
2025-11-29;150.00;07:00 402778 Перевод на карту +
2025-11-29;0;Перевод от Б. Татьяна Викторовна. Операция по
2025-11-28;002.00;11:28 662269 Прочие операции +4
2025-11-28;0;Стипендия учащимся. Операция по карте ****3856
2025-11-28;-561.65;14:09 219471 Супермаркеты
2025-11-28;0;MARIYA-RA Novosibirsk RUS. Операция по карте
2025-11-28;-659.88;14:03 128032 Супермаркеты
2025-11-28;0;KRASNOE&BELOE Novosibirsk RUS. Операция по
2025-11-27;-000.00;14:16 098188 Оплата по QR–коду СБП 1
2025-11-27;0;Новотелеком. Операция по карте ****3856
2025-11-27;000.00;13:54 562176 Перевод на карту +1
2025-11-27;0;Перевод от Б. Татьяна Викторовна. Операция по
2025-11-26;150.00;14:53 818685 Перевод на карту +
2025-11-26;0;Перевод от Б. Татьяна Викторовна. Операция по
2025-11-26;-119.96;18:33 335392 Супермаркеты
2025-11-26;0;YARCHE Novosibirsk RUS. Операция по карте
2025-11-26;210.00;08:55 526315 Прочие операции
2025-11-26;0;MAPP_SBERBANK_ONL@IN_PAY. Операция по
2025-11-25;490.00;19:35 513896 Перевод СБП
2025-11-25;0;Перевод для Д. Нэсп Без Идентификации.
2025-11-25;000.00;19:33 160199 Прочие операции +4
2025-11-25;0;SBERBANK ONL@IN VKLAD-KARTA. Операция по
2025-11-25;890.00;09:48 191179 Перевод с карты
2025-11-25;0;Перевод для Б. Екатерина Евгеньевна. Операция
2025-11-24;-442.70;11:44 985994 Супермаркеты
2025-11-24;0;MARIYA-RA Novosibirsk RUS. Операция по карте
2025-11-24;000.00;07:35 505110 Прочие операции +1
2025-11-24;0;SBERBANK ONL@IN VKLAD-KARTA. Операция по
2025-11-22;-386.20;14:00 718100 Супермаркеты
2025-11-22;0;MARIYA-RA Novosibirsk RUS. Операция по карте
2025-11-22;-249.99;13:55 469100 Супермаркеты
2025-11-22;0;KRASNOE&BELOE Novosibirsk RUS. Операция по
2025-11-20;000.00;10:06 566302 Прочие операции 12
2025-11-20;0;SBERBANK ONL@IN KARTA-VKLAD. Операция по
2025-11-20;000.00;10:05 380022 Прочие операции +6
2025-11-20;0;SBERBANK ONL@IN VKLAD-KARTA. Операция по
2025-11-20;600.00;09:36 678723 Перевод на карту +3
2025-11-20;0;Перевод от Б. Татьяна Викторовна. Операция по
2025-11-20;000.00;08:20 793476 Перевод на карту +3
2025-11-20;0;Перевод от Б. Татьяна Викторовна. Операция по
2025-11-19;390.00;16:10 390305 Перевод СБП 2
2025-11-19;0;Перевод для Д. Нэсп Без Идентификации.
2025-11-19;000.00;16:08 645572 Прочие операции +2
2025-11-19;0;SBERBANK ONL@IN VKLAD-KARTA. Операция по
2025-11-19;-249.99;16:43 138828 Супермаркеты
2025-11-19;0;KRASNOE&BELOE Novosibirsk RUS. Операция по
2025-11-18;-043.98;12:48 918610 Супермаркеты 1
2025-11-18;0;MARIYA-RA Novosibirsk RUS. Операция по карте
2025-11-18;000.00;08:27 759731 Прочие операции +1
2025-11-18;0;SBERBANK ONL@IN VKLAD-KARTA. Операция по
2025-11-17;-500.00;07:44 317213 Оплата по QR–коду СБП
2025-11-17;0;Новотелеком. Операция по карте ****3856
2025-11-17;500.00;05:34 076651 Перевод на карту +
2025-11-17;0;Перевод от Б. Татьяна Викторовна. Операция по
2025-11-14;-249.99;17:55 180531 Супермаркеты
2025-11-14;0;KRASNOE&BELOE Novosibirsk RUS. Операция по
2025-11-14;80.00;13:51 146280 Перевод с карты
2025-11-14;0;Перевод для П. Павел Владимирович. Операция
2025-11-14;774.00;15:44 377152 Рестораны и кафе
2025-11-14;0;ARRAKIS GRUEVSKAYA Novosibirsk RUS. Операция
2025-11-14;350.00;11:27 363565 Перевод СБП
2025-11-14;0;Перевод для Г. Сергей Васильевич. Операция по
2025-11-12;-450.00;08:17 176301 Оплата по QR–коду СБП
2025-11-12;0;t2. Операция по карте ****3856
2025-11-11;-600.90;11:07 666418 Супермаркеты
2025-11-11;0;MARIYA-RA Novosibirsk RUS. Операция по карте
2025-11-10;-385.50;16:26 784576 Супермаркеты
2025-11-10;0;MARIYA-RA Novosibirsk RUS. Операция по карте
2025-11-10;-399.89;16:20 132882 Супермаркеты
2025-11-10;0;KRASNOE&BELOE Novosibirsk RUS. Операция по
2025-11-08;-190.70;11:38 740331 Супермаркеты
2025-11-08;0;MARIYA-RA Novosibirsk RUS. Операция по карте
2025-11-07;-593.60;18:01 935470 Супермаркеты
2025-11-07;0;MARIYA-RA Novosibirsk RUS. Операция по карте
2025-11-07;-99.99;14:19 999255 Супермаркеты
2025-11-07;0;SUPERMARKET SPAR Novosibirsk RUS. Операция
2025-11-05;-379.70;15:37 572878 Супермаркеты
2025-11-05;0;MARIYA-RA Novosibirsk RUS. Операция по карте
2025-11-05;000.00;06:41 324161 Перевод на карту +3
2025-11-05;0;Перевод от Б. Татьяна Викторовна. Операция по
2025-11-03;-650.00;17:39 741120 Оплата по QR–коду СБП
2025-11-03;0;СИБСЕТИ_SBP. Операция по карте ****3856
2025-11-03;-125.40;16:07 156794 Супермаркеты
2025-11-03;0;MARIYA-RA Novosibirsk RUS. Операция по карте
2025-11-03;-399.99;16:03 490564 Супермаркеты
2025-11-03;0;KRASNOE&BELOE Novosibirsk RUS. Операция по
2025-11-02;955.02;09:26 698797 Прочие операции
2025-11-02;0;SBERBANK ONL@IN KARTA-VKLAD. Операция по
2025-10-31;002.00;11:31 855544 Прочие операции +4
2025-10-31;0;Стипендия учащимся. Операция по карте ****3856
2025-10-31;-59.99;14:16 626305 Супермаркеты
2025-10-31;0;SUPERMARKET SPAR Novosibirsk RUS. Операция
2025-10-29;-399.89;17:21 641670 Супермаркеты
2025-10-29;0;KRASNOE&BELOE Novosibirsk RUS. Операция по
2025-10-29;-585.40;14:38 025085 Супермаркеты
2025-10-29;0;MARIYA-RA Novosibirsk RUS. Операция по карте
2025-10-29;320.00;04:49 335195 Прочие операции
2025-10-29;0;MAPP_SBERBANK_ONL@IN_PAY. Операция по
2025-10-28;-000.00;09:36 501093 Оплата по QR–коду СБП 1
2025-10-28;0;Новотелеком. Операция по карте ****3856
2025-10-28;000.00;07:42 448655 Перевод на карту +1
2025-10-28;0;Перевод от Б. Татьяна Викторовна. Операция по
2025-10-27;000.00;17:02 249395 Перевод на карту +2
2025-10-27;0;Перевод от Б. Татьяна Викторовна. Операция по
2025-10-27;-460.00;14:04 608266 Супермаркеты
2025-10-27;0;MARIYA-RA Novosibirsk RUS. Операция по карте
2025-10-25;243.00;21:28 926326 Перевод СБП
2025-10-25;0;Перевод для Д. Нэсп Без Идентификации.
2025-10-25;870.00;20:52 440665 Перевод СБП 2
2025-10-25;0;Перевод для Д. Нэсп Без Идентификации.
2025-10-25;000.00;20:51 784148 Прочие операции +3
2025-10-25;0;SBERBANK ONL@IN VKLAD-KARTA. Операция по
2025-10-24;80.00;13:24 605502 Перевод на карту +
2025-10-24;0;Перевод от П. Павел Владимирович. Операция по
2025-10-24;-568.30;17:16 562080 Супермаркеты
2025-10-24;0;MARIYA-RA Novosibirsk RUS. Операция по карте
2025-10-24;-159.98;14:17 605852 Супермаркеты
2025-10-24;0;SUPERMARKET SPAR Novosibirsk RUS. Операция
2025-10-23;-497.10;12:15 047738 Супермаркеты
2025-10-23;0;MARIYA-RA Novosibirsk RUS. Операция по карте
2025-10-23;-399.99;08:09 205053 Оплата по QR–коду СБП
2025-10-23;0;КРАСНОЕ&БЕЛОЕ_SBP. Операция по карте
2025-10-21;-211.80;11:27 830999 Супермаркеты
2025-10-21;0;MARIYA-RA Novosibirsk RUS. Операция по карте
2025-10-20;487.00;17:10 093586 Перевод СБП 1
2025-10-20;0;Перевод для Д. Нэсп Без Идентификации.
2025-10-20;500.00;08:31 830257 Перевод на карту +3
2025-10-20;0;Перевод от Б. Татьяна Викторовна. Операция по
2025-10-20;420.00;02:20 596280 Перевод на карту +
2025-10-20;0;Перевод от Б. Татьяна Викторовна. Операция по
2025-10-19;-418.00;12:52 696457 Супермаркеты
2025-10-19;0;CH54054 Novosibirsk RUS. Операция по карте
2025-10-18;150.00;10:25 023891 Перевод на карту +
2025-10-18;0;Перевод от Б. Татьяна Викторовна. Операция по
2025-10-18;-176.97;10:07 093480 Супермаркеты
2025-10-18;0;YARCHE Novosibirsk RUS. Операция по карте
2025-10-17;-500.00;20:21 545444 Оплата по QR–коду СБП
2025-10-17;0;Новотелеком. Операция по карте ****3856
2025-10-17;500.00;17:59 053604 Перевод на карту +
2025-10-17;0;Перевод от Б. Татьяна Викторовна. Операция по
2025-10-17;-615.30;17:33 415659 Супермаркеты
2025-10-17;0;MARIYA-RA Novosibirsk RUS. Операция по карте
2025-10-17;000.00;13:14 272268 Прочие операции +1
2025-10-17;0;SBERBANK ONL@IN VKLAD-KARTA. Операция по
2025-10-17;103.00;11:04 731986 Перевод СБП
2025-10-17;0;Перевод для Д. Дмитрий Константинович.
2025-10-16;33.00;11:22 900294 Перевод СБП
2025-10-16;0;Перевод для Ц. Егор Максимович. Операция по
2025-10-14;-409.99;15:17 297060 Супермаркеты
2025-10-14;0;KRASNOE&BELOE Novosibirsk RUS. Операция по
2025-10-14;000.00;10:07 505666 Прочие операции +1
2025-10-14;0;SBERBANK ONL@IN VKLAD-KARTA. Операция по
2025-10-13;-381.70;15:07 697218 Супермаркеты
2025-10-13;0;MARIYA-RA Novosibirsk RUS. Операция по карте
2025-10-13;-409.99;15:02 767850 Супермаркеты
2025-10-13;0;KRASNOE&BELOE Novosibirsk RUS. Операция по
2025-10-13;000.00;10:47 465801 Прочие операции +1
2025-10-13;0;SBERBANK ONL@IN VKLAD-KARTA. Операция по
2025-10-12;417.00;13:52 128338 Перевод СБП
2025-10-12;0;Перевод для Д. Нэсп Без Идентификации.
2025-10-12;-400.00;09:42 227030 Оплата по QR–коду СБП
2025-10-12;0;t2. Операция по карте ****3856
2025-10-11;-359.20;12:09 550268 Супермаркеты
2025-10-11;0;MARIYA-RA Novosibirsk RUS. Операция по карте
2025-10-10;-536.70;17:03 150946 Супермаркеты
2025-10-10;0;MARIYA-RA Novosibirsk RUS. Операция по карте
2025-10-10;000.00;12:53 270065 Прочие операции +1
2025-10-10;0;SBERBANK ONL@IN VKLAD-KARTA. Операция по
2025-10-10;-99.99;14:20 006634 Супермаркеты
2025-10-10;0;SUPERMARKET SPAR Novosibirsk RUS. Операция
2025-10-08;-673.60;14:32 428872 Супермаркеты
2025-10-08;0;MARIYA-RA Novosibirsk RUS. Операция по карте
2025-10-08;000.00;10:22 004688 Прочие операции +1
2025-10-08;0;SBERBANK ONL@IN VKLAD-KARTA. Операция по
2025-10-06;-596.60;13:58 154779 Супермаркеты
2025-10-06;0;MARIYA-RA Novosibirsk RUS. Операция по карте
2025-10-06;-409.99;13:53 180296 Супермаркеты
2025-10-06;0;KRASNOE&BELOE Novosibirsk RUS. Операция по
2025-10-04;-450.00;15:20 209420 Оплата по QR–коду СБП
2025-10-04;0;t2. Операция по карте ****3856
2025-10-04;300.00;11:06 601061 Перевод на карту +
2025-10-04;0;Перевод от Б. Татьяна Викторовна. Операция по
2025-10-04;-239.92;09:55 657481 Супермаркеты
2025-10-04;0;YARCHE Novosibirsk RUS. Операция по карте
2025-10-04;460.00;03:05 268610 Прочие операции
2025-10-04;0;MAPP_SBERBANK_ONL@IN_PAY. Операция по
2025-10-03;738.00;18:18 438236 Перевод СБП
2025-10-03;0;Перевод для Д. Нэсп Без Идентификации.
2025-10-03;70.00;10:15 679313 Перевод с карты
2025-10-03;0;Перевод для П. Павел Владимирович. Операция
2025-10-03;000.00;07:23 092279 Перевод на карту +3
2025-10-03;0;Перевод от Б. Татьяна Викторовна. Операция по
2025-10-02;-650.00;08:27 435683 Оплата по QR–коду СБП
2025-10-02;0;СИБСЕТИ_SBP. Операция по карте ****3856
2025-10-01;-551.60;15:45 610962 Супермаркеты
2025-10-01;0;MARIYA-RA Novosibirsk RUS. Операция по карте
2025-10-01;-409.99;15:40 994153 Супермаркеты
2025-10-01;0;KRASNOE&BELOE Novosibirsk RUS. Операция по
2025-09-30;000.00;16:55 567048 Прочие операции +1
2025-09-30;0;SBERBANK ONL@IN VKLAD-KARTA. Операция по
2025-09-30;000.00;12:29 393363 Прочие операции 12
2025-09-30;0;SBERBANK ONL@IN KARTA-VKLAD. Операция по
2025-09-30;002.00;11:59 185969 Прочие операции +12
2025-09-30;0;Стипендия учащимся. Операция по карте ****3856
2025-09-29;-814.00;11:17 499476 Супермаркеты
2025-09-29;0;MARIYA-RA Novosibirsk RUS. Операция по карте
2025-09-29;000.00;07:02 577384 Прочие операции +1
2025-09-29;0;SBERBANK ONL@IN VKLAD-KARTA. Операция по
2025-09-29;99.00;02:15 955420 Прочие операции
2025-09-29;0;MOBILE BANK: KOMISSIYA. Операция по карте
2025-09-28;338.00;10:02 096835 Перевод СБП
2025-09-28;0;Перевод для Д. Нэсп Без Идентификации.
2025-09-27;250.00;05:47 244203 Перевод на карту +
2025-09-27;0;Перевод от Б. Татьяна Викторовна. Операция по
2025-09-27;-239.92;09:39 430593 Супермаркеты
2025-09-27;0;YARCHE Novosibirsk RUS. Операция по карте
2025-09-26;-426.50;15:46 499506 Супермаркеты
2025-09-26;0;MARIYA-RA Novosibirsk RUS. Операция по карте
2025-09-25;000.00;16:56 282331 Прочие операции +1
2025-09-25;0;SBERBANK ONL@IN VKLAD-KARTA. Операция по
2025-09-25;160.00;16:55 809935 Прочие операции
2025-09-25;0;MAPP_SBERBANK_ONL@IN_PAY. Операция по
2025-09-25;150.00;10:45 075962 Перевод с карты
2025-09-25;0;Перевод для П. Павел Владимирович. Операция
2025-09-25;100.00;10:33 179338 Перевод с карты 1
2025-09-25;0;Перевод для П. Павел Владимирович. Операция
2025-09-25;-313.10;12:25 305760 Супермаркеты
2025-09-25;0;MARIYA-RA Novosibirsk RUS. Операция по карте
2025-09-24;000.00;15:55 485632 Прочие операции 2
2025-09-24;0;SBERBANK ONL@IN KARTA-VKLAD. Операция по
2025-09-24;000.00;15:31 407864 Перевод на карту +3
2025-09-24;0;Перевод от Б. Татьяна Викторовна. Операция по
2025-09-24;-261.60;16:17 561747 Супермаркеты
2025-09-24;0;MARIYA-RA Novosibirsk RUS. Операция по карте
2025-09-22;782.00;15:44 565923 Перевод СБП
2025-09-22;0;Перевод для Д. Нэсп Без Идентификации.
2025-09-22;-211.80;19:20 475032 Супермаркеты
2025-09-22;0;MARIYA-RA Novosibirsk RUS. Операция по карте
2025-09-22;-399.89;19:14 095867 Супермаркеты
2025-09-22;0;KRASNOE&BELOE Novosibirsk RUS. Операция по
2025-09-22;70.00;10:32 838872 Перевод СБП
2025-09-22;0;Перевод для Д. Дмитрий Константинович.
2025-09-21;400.00;16:25 260413 Перевод на карту +1
2025-09-21;0;Перевод от Б. Татьяна Викторовна. Операция по
2025-09-21;346.00;14:18 128774 Перевод СБП 1
2025-09-21;0;Перевод для Д. Нэсп Без Идентификации.
2025-09-21;-253.70;10:38 546330 Супермаркеты
2025-09-21;0;MARIYA-RA Novosibirsk RUS. Операция по карте
2025-09-20;352.00;18:44 930562 Перевод СБП
2025-09-20;0;Перевод для Д. Нэсп Без Идентификации.
2025-09-20;-399.89;13:10 082710 Супермаркеты
2025-09-20;0;KRASNOE&BELOE Novosibirsk RUS. Операция по
2025-09-20;-000.00;08:44 694599 Оплата по QR–коду СБП 1
2025-09-20;0;Новотелеком. Операция по карте ****3856
2025-09-20;000.00;08:42 208175 Перевод на карту +1
2025-09-20;0;Перевод от Б. Татьяна Викторовна. Операция по
2025-09-19;-261.60;15:11 767181 Супермаркеты
2025-09-19;0;MARIYA-RA Novosibirsk RUS. Операция по карте
2025-09-19;650.00;09:26 858736 Перевод на карту +3
2025-09-19;0;Перевод от Б. Татьяна Викторовна. Операция по
2025-09-18;-163.70;12:53 351785 Супермаркеты
2025-09-18;0;MARIYA-RA Novosibirsk RUS. Операция по карте
2025-09-16;-471.80;16:36 877119 Супермаркеты
2025-09-16;0;MARIYA-RA Novosibirsk RUS. Операция по карте
2025-09-16;-399.89;16:32 615971 Супермаркеты
2025-09-16;0;KRASNOE&BELOE Novosibirsk RUS. Операция по
2025-09-15;877.00;16:42 294997 Перевод СБП
2025-09-15;0;Перевод для Д. Нэсп Без Идентификации.
2025-09-15;000.00;16:40 419652 Прочие операции +2
2025-09-15;0;SBERBANK ONL@IN VKLAD-KARTA. Операция по
2025-09-12;-258.70;15:13 087999 Супермаркеты
2025-09-12;0;MARIYA-RA Novosibirsk RUS. Операция по карте
2025-09-12;-500.00;10:56 924418 Оплата по QR–коду СБП
2025-09-12;0;Новотелеком. Операция по карте ****3856
2025-09-12;500.00;10:56 487155 Перевод на карту +
2025-09-12;0;Перевод от Б. Татьяна Викторовна. Операция по
2025-09-12;-450.00;10:12 859661 Оплата по QR–коду СБП
2025-09-12;0;t2. Операция по карте ****3856
2025-09-11;409.00;15:54 247176 Перевод СБП
2025-09-11;0;Перевод для Д. Нэсп Без Идентификации.
2025-09-10;64.00;12:59 946576 Перевод с карты
2025-09-10;0;Перевод для П. Павел Владимирович. Операция
2025-09-10;423.00;16:55 080371 Рестораны и кафе
2025-09-10;0;ARRAKIS GRUEVSKAYA Novosibirsk RUS. Операция
2025-09-10;50.00;10:43 718582 Перевод с карты
2025-09-10;0;Перевод для П. Павел Владимирович. Операция
2025-09-08;-534.90;15:59 566541 Супермаркеты
2025-09-08;0;MARIYA-RA Novosibirsk RUS. Операция по карте
2025-09-08;-399.89;15:54 893881 Супермаркеты
2025-09-08;0;KRASNOE&BELOE Novosibirsk RUS. Операция по
2025-09-07;000.00;12:56 450304 Прочие операции 10
2025-09-07;0;SBERBANK ONL@IN KARTA-VKLAD. Операция по
2025-09-07;000.00;12:51 542707 Перевод СБП +10
2025-09-07;0;Перевод от Б. Екатерина Евгеньевна. Операция по
2025-09-06;423.00;10:09 631422 Рестораны и кафе
2025-09-06;0;ARRAKIS GRUEVSKAYA Novosibirsk RUS. Операция
2025-09-05;-402.90;17:36 875988 Супермаркеты
2025-09-05;0;MARIYA-RA Novosibirsk RUS. Операция по карте
2025-09-05;-76.99;14:18 579157 Супермаркеты
2025-09-05;0;SUPERMARKET SPAR Novosibirsk RUS. Операция
2025-09-05;000.00;08:40 439019 Перевод на карту +3
2025-09-05;0;Перевод от Б. Татьяна Викторовна. Операция по
2025-09-03;-483.40;15:42 706373 Супермаркеты
2025-09-03;0;MARIYA-RA Novosibirsk RUS. Операция по карте
2025-09-03;-428.89;15:38 499952 Супермаркеты
2025-09-03;0;KRASNOE&BELOE Novosibirsk RUS. Операция по
2025-09-03;000.00;10:50 291236 Прочие операции +1
2025-09-03;0;SBERBANK ONL@IN VKLAD-KARTA. Операция по
2025-09-02;263.00;10:55 963587 Перевод СБП
2025-09-02;0;Перевод для Д. Нэсп Без Идентификации.
2025-09-02;000.00;10:54 805172 Прочие операции 1
2025-09-02;0;SBERBANK ONL@IN KARTA-VKLAD. Операция по
2025-09-02;-189.00;11:47 070809 Супермаркеты
2025-09-02;0;MARIYA-RA Novosibirsk RUS. Операция по карте
2025-09-02;-308.00;07:41 244419 Оплата по QR–коду СБП
2025-09-02;0;СИБСЕТИ_SBP. Операция по карте ****3856
2025-09-01;340.00;13:36 855336 Прочие операции
2025-09-01;0;MAPP_SBERBANK_ONL@IN_PAY. Операция по
2025-08-31;-500.00;11:25 788175 Оплата по QR–коду СБП
2025-08-31;0;Новотелеком. Операция по карте ****3856
2025-08-31;500.00;11:23 157332 Перевод на карту +
2025-08-31;0;Перевод от Б. Татьяна Викторовна. Операция по
2025-08-31;-470.90;12:56 221863 Супермаркеты
2025-08-31;0;MARIYA-RA Novosibirsk RUS. Операция по карте
2025-08-30;650.00;06:25 552165 Перевод на карту +
2025-08-30;0;Перевод от Б. Татьяна Викторовна. Операция по
2025-08-29;99.00;02:16 465213 Прочие операции
2025-08-29;0;MOBILE BANK: KOMISSIYA. Операция по карте
2025-08-28;-168.50;15:27 887966 Супермаркеты
2025-08-28;0;MARIYA-RA Novosibirsk RUS. Операция по карте
2025-08-28;200.00;09:10 264812 Перевод на карту +1
2025-08-28;0;Перевод от Б. Татьяна Викторовна. Операция по
2025-08-27;-526.80;13:22 473274 Супермаркеты
2025-08-27;0;MARIYA-RA Novosibirsk RUS. Операция по карте
2025-08-27;721.00;08:58 244071 Перевод СБП
2025-08-27;0;Перевод для Д. Нэсп Без Идентификации.
2025-08-26;000.00;17:44 095156 Перевод на карту +3
2025-08-26;0;Перевод от Б. Татьяна Викторовна. Операция по
2025-08-20;-10.00;21:17 639069 Оплата по QR–коду СБП
2025-08-20;0;Озон Банк (Ozon). Операция по карте ****3856
2025-08-19;-000.00;13:51 090596 Супермаркеты 4
2025-08-20;0;IP VORONENKOVA M A OMSK RUS. Операция по
2025-08-19;-241.00;18:18 809527 Оплата по QR–коду СБП 2
2025-08-19;0;Озон Банк (Ozon). Операция по карте ****3856
2025-08-19;000.00;12:35 811404 Перевод на карту +4
2025-08-19;0;Перевод от Б. Татьяна Викторовна. Операция по
2025-08-14;-380.00;08:39 005861 Оплата по QR–коду СБП
2025-08-14;0;t2. Операция по карте ****3856
2025-08-13;-204.90;15:25 892249 Супермаркеты
2025-08-13;0;MARIYA-RA Novosibirsk RUS. Операция по карте
2025-08-13;-428.89;15:21 050350 Супермаркеты
2025-08-13;0;KRASNOE&BELOE Novosibirsk RUS. Операция по
2025-08-11;-34.98;19:34 925885 Супермаркеты
2025-08-11;0;YARCHE Novosibirsk RUS. Операция по карте
2025-08-11;-000.00;10:20 777384 Оплата по QR–коду СБП 1
2025-08-11;0;Новотелеком. Операция по карте ****3856
2025-08-11;000.00;10:09 921459 Перевод на карту +1
2025-08-11;0;Перевод от Б. Татьяна Викторовна. Операция по
2025-08-07;-430.30;20:07 512554 Супермаркеты
2025-08-07;0;MARIYA-RA Novosibirsk RUS. Операция по карте
2025-08-07;000.00;10:51 223229 Выдача наличных 10
2025-08-07;0;ATM 60032398 NOVOSIBIRSK RUS. Операция по
2025-08-07;000.00;10:26 747072 Перевод на карту +10
2025-08-07;0;Перевод от Б. Татьяна Викторовна. Операция по
2025-08-05;000.00;10:20 427886 Перевод на карту +3
2025-08-05;0;Перевод от Б. Татьяна Викторовна. Операция по
2025-08-05;-486.10;13:46 134028 Супермаркеты
2025-08-05;0;MARIYA-RA Novosibirsk RUS. Операция по карте
2025-08-05;000.00;07:49 403929 Выдача наличных 18
2025-08-05;0;ATM 60032110 NOVOSIBIRSK RUS. Операция по
2025-08-01;-650.00;19:32 439707 Оплата по QR–коду СБП
2025-08-01;0;СИБСЕТИ_SBP. Операция по карте ****3856
2025-08-01;-706.24;14:10 883041 Супермаркеты
2025-08-01;0;MARIYA-RA Novosibirsk RUS. Операция по карте
2025-07-30;000.00;07:44 966327 Выдача наличных 10
2025-07-30;0;ATM 60033155 NOVOSIBIRSK RUS. Операция по
2025-07-29;000.00;16:29 150585 Перевод на карту +30
2025-07-29;0;Перевод от Б. Татьяна Викторовна. Операция по
2025-07-29;-600.00;09:05 346208 Оплата по QR–коду СБП 1
2025-07-29;0;Озон Банк (Ozon). Операция по карте ****3856
2025-07-26;-718.70;12:27 250555 Супермаркеты
2025-07-26;0;MARIYA-RA Novosibirsk RUS. Операция по карте
2025-07-23;-740.60;12:20 543160 Супермаркеты
2025-07-23;0;MARIYA-RA Novosibirsk RUS. Операция по карте
2025-07-18;-000.00;11:30 745889 Оплата по QR–коду СБП 1
2025-07-18;0;Новотелеком. Операция по карте ****3856
2025-07-18;000.00;10:54 793722 Перевод на карту +1
2025-07-18;0;Перевод от Б. Татьяна Викторовна. Операция по
2025-07-18;600.00;10:54 419348 Перевод на карту +3
2025-07-18;0;Перевод от Б. Татьяна Викторовна. Операция по
2025-07-12;-245.00;19:06 005319 Супермаркеты
2025-07-12;0;MARIYA-RA Novosibirsk RUS. Операция по карте
2025-07-12;-100.00;09:56 436177 Оплата по QR–коду СБП
2025-07-12;0;t2. Операция по карте ****3856
2025-07-11;-186.60;10:42 993398 Супермаркеты
2025-07-11;0;MARIYA-RA Novosibirsk RUS. Операция по карте
2025-07-10;-428.50;11:33 635473 Супермаркеты
2025-07-10;0;MARIYA-RA Novosibirsk RUS. Операция по карте
2025-07-08;-913.00;17:17 768511 Оплата по QR–коду СБП 3
2025-07-08;0;Озон Банк (Ozon). Операция по карте ****3856
2025-07-08;000.00;17:16 839794 Перевод на карту +2
2025-07-08;0;Перевод от Б. Татьяна Викторовна. Операция по
2025-07-07;-500.00;18:08 523788 Оплата по QR–коду СБП
2025-07-07;0;Новотелеком. Операция по карте ****3856
2025-07-07;500.00;18:02 962668 Перевод на карту +
2025-07-07;0;SBOL перевод с карты 2202****1503 Б. ТАТЬЯНА
2025-07-05;-287.50;12:56 633192 Супермаркеты
2025-07-05;0;MARIYA-RA Novosibirsk RUS. Операция по карте
2025-07-04;000.00;08:38 645827 Перевод на карту +3
2025-07-04;0;Перевод от Б. Татьяна Викторовна. Операция по
2025-07-02;-562.61;12:12 063782 Супермаркеты
2025-07-02;0;MARIYA-RA Novosibirsk RUS. Операция по карте
2025-07-02;-650.00;07:56 363173 Оплата по QR–коду СБП
2025-07-02;0;СИБСЕТИ_SBP. Операция по карте ****3856
2025-06-30;-436.50;19:04 163791 Супермаркеты
2025-06-30;0;MARIYA-RA Novosibirsk RUS. Операция по карте
2025-06-30;449.00;15:24 266674 Рестораны и кафе
2025-06-30;0;SHAURMA NA UGLYAKH Novosibirsk RUS. Операция
2025-06-30;90.00;10:18 737150 Перевод с карты
2025-06-30;0;Перевод для П. Павел Владимирович. Операция
2025-06-29;-635.00;09:23 326791 Оплата по QR–коду СБП 2
2025-06-29;0;Озон Банк (Ozon). Операция по карте ****3856
2025-06-29;500.00;09:08 682656 Перевод на карту +2
2025-06-29;0;Перевод от Б. Татьяна Викторовна. Операция по
2025-06-27;-500.00;16:40 541747 Оплата по QR–коду СБП
2025-06-27;0;Новотелеком. Операция по карте ****3856
2025-06-27;500.00;16:33 009374 Перевод на карту +
2025-06-27;0;Перевод от Б. Татьяна Викторовна. Операция по
2025-06-26;-738.40;19:26 869164 Супермаркеты
2025-06-26;0;MARIYA-RA Novosibirsk RUS. Операция по карте
2025-06-25;-112.00;18:09 145086 Оплата по QR–коду СБП
2025-06-25;0;Озон Банк (Ozon). Операция по карте ****3856
2025-06-25;-485.00;17:48 039251 Оплата по QR–коду СБП 2
2025-06-25;0;Озон Банк (Ozon). Операция по карте ****3856
2025-06-22;-371.90;21:20 431058 Супермаркеты
2025-06-22;0;MARIYA-RA Novosibirsk RUS. Операция по карте
2025-06-20;650.00;08:33 902414 Перевод на карту +3
2025-06-20;0;Перевод от Б. Татьяна Викторовна. Операция по
2025-06-19;-289.90;11:31 045989 Супермаркеты
2025-06-19;0;MARIYA-RA Novosibirsk RUS. Операция по карте
2025-06-14;-203.70;14:03 196995 Супермаркеты
2025-06-14;0;MARIYA-RA Novosibirsk RUS. Операция по карте
2025-06-14;-550.00;08:19 549144 Оплата по QR–коду СБП
2025-06-14;0;t2. Операция по карте ****3856
2025-06-10;-346.60;15:39 610494 Супермаркеты
2025-06-10;0;MARIYA-RA Novosibirsk RUS. Операция по карте
2025-06-05;-243.20;14:08 344680 Супермаркеты
2025-06-05;0;MARIYA-RA Novosibirsk RUS. Операция по карте
2025-06-05;000.00;07:54 022876 Перевод на карту +3
2025-06-05;0;Перевод от Б. Татьяна Викторовна. Операция по
2025-06-04;-442.60;10:44 109299 Супермаркеты
2025-06-04;0;MARIYA-RA Novosibirsk RUS. Операция по карте
2025-06-02;-650.00;08:11 714774 Оплата по QR–коду СБП
2025-06-02;0;СИБСЕТИ_SBP. Операция по карте ****3856
2025-06-02;000.00;07:55 100639 Перевод на карту +2
2025-06-02;0;Перевод от Б. Татьяна Викторовна. Операция по
2025-06-01;-585.00;08:54 032489 Оплата по QR–коду СБП 5
2025-06-01;0;Озон Банк (Ozon). Операция по карте ****3856
2025-06-01;-331.60;11:36 858880 Супермаркеты
2025-06-01;0;MARIYA-RA Novosibirsk RUS. Операция по карте
2025-05-31;507.00;08:40 378733 Перевод с карты
2025-05-31;0;Перевод для П. Павел Владимирович. Операция
2025-05-31;40.00;09:00 545133 Транспорт
2025-05-31;0;PROEZD NOVOSIBIRSK Novosibirsk RUS. Операция
2025-05-31;500.00;05:12 923937 Прочие операции
2025-05-31;0;MAPP_SBERBANK_ONL@IN_PAY. Операция по
2025-05-30;-430.70;11:27 943533 Супермаркеты
2025-05-30;0;MARIYA-RA Novosibirsk RUS. Операция по карте
2025-05-29;-000.00;10:46 141989 Оплата по QR–коду СБП 1
2025-05-29;0;Новотелеком. Операция по карте ****3856
2025-05-29;000.00;10:37 602373 Перевод на карту +1
2025-05-29;0;Перевод от Б. Татьяна Викторовна. Операция по
2025-05-29;-499.50;10:29 937582 Супермаркеты
2025-05-29;0;MARIYA-RA Novosibirsk RUS. Операция по карте
2025-05-26;640.00;10:02 308104 Рестораны и кафе
2025-05-26;0;BEZUMNO SHAURMA Novosibirsk RUS. Операция
2025-05-26;-280.80;12:04 666686 Супермаркеты
2025-05-26;0;MARIYA-RA Novosibirsk RUS. Операция по карте
2025-05-26;280.00;06:04 227393 Перевод на карту +
2025-05-26;0;Перевод от П. Павел Владимирович. Операция по
2025-05-26;82.00;05:54 947569 Перевод с карты
2025-05-26;0;Перевод для П. Павел Владимирович. Операция
2025-05-25;-233.97;19:03 636606 Супермаркеты
2025-05-25;0;MONETKA Novosibirsk RUS. Операция по карте
2025-05-24;-250.90;11:57 750449 Супермаркеты
2025-05-24;0;MARIYA-RA Novosibirsk RUS. Операция по карте
2025-05-23;-132.98;14:18 998531 Супермаркеты
2025-05-23;0;SUPERMARKET SPAR Novosibirsk RUS. Операция
2025-05-21;-177.90;19:51 678205 Супермаркеты
2025-05-21;0;MARIYA-RA Novosibirsk RUS. Операция по карте
2025-05-20;650.00;09:34 762925 Перевод на карту +3
2025-05-20;0;Перевод от Б. Татьяна Викторовна. Операция по
2025-05-20;-450.00;06:51 385761 Оплата по QR–коду СБП
2025-05-20;0;t2_SBP. Операция по карте ****3856
2025-05-19;-893.40;13:05 490732 Супермаркеты
2025-05-19;0;MARIYA-RA Novosibirsk RUS. Операция по карте
2025-05-17;-397.57;12:27 897438 Супермаркеты
2025-05-17;0;MARIYA-RA Novosibirsk RUS. Операция по карте
2025-05-16;-190.80;18:04 758831 Супермаркеты
2025-05-16;0;MARIYA-RA Novosibirsk RUS. Операция по карте
2025-05-16;-79.99;14:16 081235 Супермаркеты
2025-05-16;0;SUPERMARKET SPAR Novosibirsk RUS. Операция
2025-05-15;-75.90;15:18 178823 Супермаркеты
2025-05-15;0;MARIYA-RA Novosibirsk RUS. Операция по карте
2025-05-15;-41.99;11:11 921646 Супермаркеты
2025-05-15;0;SUPERMARKET SPAR Novosibirsk RUS. Операция
2025-05-14;-190.80;18:07 898214 Супермаркеты
2025-05-14;0;MARIYA-RA Novosibirsk RUS. Операция по карте
2025-05-14;-52.99;15:13 349727 Супермаркеты
2025-05-14;0;SUPERMARKET SPAR Novosibirsk RUS. Операция
2025-05-14;-79.99;13:28 836466 Супермаркеты
2025-05-14;0;SUPERMARKET SPAR Novosibirsk RUS. Операция
2025-05-13;-221.00;19:10 771210 Оплата по QR–коду СБП
2025-05-13;0;Озон Банк (Ozon). Операция по карте ****3856
2025-05-13;-603.10;20:02 841548 Супермаркеты
2025-05-13;0;MARIYA-RA Novosibirsk RUS. Операция по карте
2025-05-13;700.00;13:12 354129 Перевод на карту +
2025-05-13;0;Перевод от К. Полина Сергеевна. Операция по
2025-05-13;080.00;17:11 545565 Рестораны и кафе 1
2025-05-13;0;GRILNICA Novosibirsk RUS. Операция по карте
2025-05-13;70.00;13:00 713105 Перевод с карты
2025-05-13;0;Перевод для П. Павел Владимирович. Операция
2025-05-11;294.00;11:13 564257 Перевод СБП
2025-05-11;0;Перевод для Д. Дмитрий Константинович.
2025-05-11;200.00;10:57 199859 Перевод на карту +
2025-05-11;0;Перевод от Б. Татьяна Викторовна. Операция по
2025-05-11;-151.40;14:35 553907 Супермаркеты
2025-05-11;0;MARIYA-RA Novosibirsk RUS. Операция по карте
2025-05-10;-440.80;17:18 415265 Супермаркеты
2025-05-10;0;MARIYA-RA Novosibirsk RUS. Операция по карте
2025-05-09;40.00;22:44 201703 Транспорт
2025-05-10;0;TRANSPORT NSK METRO NOVOSIBIRSK RUS.
2025-05-09;-57.00;19:50 645899 Супермаркеты
2025-05-09;0;KIOSK N3 Novosibirsk RUS. Операция по карте
2025-05-09;90.00;15:46 446847 Перевод с карты
2025-05-09;0;Перевод для П. Павел Владимирович. Операция
2025-05-07;580.00;11:55 013746 Рестораны и кафе
2025-05-08;0;PE OGANYAN EDGAR SUREN g Novosibirsk RUS.
2025-05-07;-188.40;20:52 099665 Супермаркеты
2025-05-07;0;MARIYA-RA Novosibirsk RUS. Операция по карте
2025-05-07;182.50;15:05 231294 Перевод с карты
2025-05-07;0;Перевод для П. Павел Владимирович. Операция
2025-05-07;290.00;11:55 560440 Перевод на карту +
2025-05-07;0;Перевод от К. Полина Сергеевна. Операция по
2025-05-07;240.00;05:34 339932 Прочие операции
2025-05-07;0;MAPP_SBERBANK_ONL@IN_PAY. Операция по
2025-05-06;-369.90;17:10 214611 Супермаркеты
2025-05-06;0;MARIYA-RA Novosibirsk RUS. Операция по карте
2025-05-06;-000.00;12:04 040992 Оплата по QR–коду СБП 1
2025-05-06;0;Новотелеком. Операция по карте ****3856
2025-05-06;500.00;09:00 448387 Перевод на карту +
2025-05-06;0;Перевод от Б. Татьяна Викторовна. Операция по
2025-05-06;000.00;08:58 768527 Перевод на карту +1
2025-05-06;0;Перевод от Б. Татьяна Викторовна. Операция по
2025-05-05;000.00;12:48 762649 Перевод на карту +3
2025-05-05;0;Перевод от Б. Татьяна Викторовна. Операция по
2025-05-05;-150.00;08:23 581899 Оплата по QR–коду СБП
2025-05-05;0;https://sibset.ru. Операция по карте ****3856
2025-05-05;-500.00;08:20 038546 Оплата по QR–коду СБП
2025-05-05;0;https://sibset.ru. Операция по карте ****3856
2025-04-30;090.00;17:17 266889 Рестораны и кафе 1
2025-04-30;0;BEZUMNO SHAURMA Novosibirsk RUS. Операция
2025-04-30;730.00;13:20 002288 Перевод на карту +
2025-04-30;0;Перевод от П. Павел Владимирович. Операция по
2025-04-30;86.00;13:11 776120 Перевод с карты
2025-04-30;0;Перевод для П. Павел Владимирович. Операция
2025-04-30;-105.88;15:19 956139 Супермаркеты
2025-04-30;0;KRASNOE&BELOE Novosibirsk RUS. Операция по
2025-04-30;54.00;11:19 208847 Перевод СБП +
2025-04-30;0;Перевод от С. Илья Олегович. Операция по карте
2025-04-30;-79.99;13:29 064651 Супермаркеты
2025-04-30;0;SUPERMARKET SPAR Novosibirsk RUS. Операция
2025-04-29;-131.00;12:10 288509 Супермаркеты
2025-04-29;0;MARIYA-RA Novosibirsk RUS. Операция по карте
2025-04-29;92.00;06:00 541931 Перевод с карты
2025-04-29;0;Перевод для К. Полина Сергеевна. Операция по
2025-04-25;-286.70;17:12 098246 Супермаркеты
2025-04-25;0;MARIYA-RA Novosibirsk RUS. Операция по карте
2025-04-25;-500.00;11:06 306637 Оплата по QR–коду СБП
2025-04-25;0;Новотелеком. Операция по карте ****3856
2025-04-25;500.00;10:45 697657 Перевод на карту +
2025-04-25;0;Перевод от Б. Татьяна Викторовна. Операция по
2025-04-25;-69.96;14:17 122124 Супермаркеты
2025-04-25;0;YARCHE Novosibirsk RUS. Операция по карте
2025-04-24;-241.00;15:53 027968 Оплата по QR–коду СБП
2025-04-24;0;Озон Банк (Ozon). Операция по карте ****3856
2025-04-23;-549.70;13:24 929649 Супермаркеты
2025-04-23;0;MARIYA-RA Novosibirsk RUS. Операция по карте
2025-04-20;-408.80;15:55 868596 Супермаркеты
2025-04-20;0;MARIYA-RA Novosibirsk RUS. Операция по карте
2025-04-20;420.00;08:33 990046 Прочие операции
2025-04-20;0;MAPP_SBERBANK_ONL@IN_PAY. Операция по
2025-04-19;2.00;14:33 759124 Перевод с карты
2025-04-19;0;Комиссия за операцию. Операция по карте
2025-04-19;200.00;14:33 759124 Перевод с карты
2025-04-19;0;АО "T-Банк". Операция по карте ****3856
2025-04-19;-351.70;17:38 034693 Супермаркеты
2025-04-19;0;MARIYA-RA Novosibirsk RUS. Операция по карте
2025-04-18;-328.90;17:40 495228 Супермаркеты
2025-04-18;0;MARIYA-RA Novosibirsk RUS. Операция по карте
2025-04-18;-214.98;14:16 629478 Супермаркеты
2025-04-18;0;SUPERMARKET SPAR Novosibirsk RUS. Операция
2025-04-18;000.00;08:35 957217 Перевод на карту +3
2025-04-18;0;Перевод от Б. Татьяна Викторовна. Операция по
2025-04-16;630.00;13:53 080813 Рестораны и кафе
2025-04-16;0;BEZUMNO SHAURMA Novosibirsk RUS. Операция
2025-04-16;-269.80;16:35 443584 Супермаркеты
2025-04-16;0;MARIYA-RA Novosibirsk RUS. Операция по карте
2025-04-16;327.00;09:55 677774 Перевод на карту +
2025-04-16;0;Перевод от П. Павел Владимирович. Операция по
2025-04-16;-290.36;13:46 593658 Супермаркеты
2025-04-16;0;KRASNOE&BELOE Novosibirsk RUS. Операция по
2025-04-15;-428.70;10:43 351933 Супермаркеты
2025-04-15;0;MARIYA-RA Novosibirsk RUS. Операция по карте
2025-04-14;000.00;12:00 822187 Перевод на карту +10
2025-04-14;0;Перевод от Б. Татьяна Викторовна. Операция по
2025-04-13;-446.80;14:44 586945 Супермаркеты
2025-04-13;0;MARIYA-RA Novosibirsk RUS. Операция по карте
2025-04-12;-500.00;09:44 734919 Оплата по QR–коду СБП
2025-04-12;0;Новотелеком. Операция по карте ****3856
2025-04-12;500.00;09:44 799214 Перевод на карту +
2025-04-12;0;Перевод от Б. Татьяна Викторовна. Операция по
2025-04-11;-267.90;17:35 439313 Супермаркеты
2025-04-11;0;MARIYA-RA Novosibirsk RUS. Операция по карте
2025-04-11;-99.99;14:16 838557 Супермаркеты
2025-04-11;0;SUPERMARKET SPAR Novosibirsk RUS. Операция
2025-04-09;-657.80;12:10 593586 Супермаркеты
2025-04-09;0;MARIYA-RA Novosibirsk RUS. Операция по карте
2025-04-08;-232.00;11:59 586697 Супермаркеты
2025-04-08;0;MARIYA-RA Novosibirsk RUS. Операция по карте
2025-04-08;-450.00;07:43 516235 Оплата по QR–коду СБП
2025-04-08;0;t2_SBP. Операция по карте ****3856
2025-04-06;-449.20;15:17 334491 Супермаркеты
2025-04-06;0;MARIYA-RA Novosibirsk RUS. Операция по карте
2025-04-03;40.00;08:16 435722 Транспорт
2025-04-04;0;TRANSPORT NSK METRO NOVOSIBIRSK RUS.
2025-04-04;-79.99;14:17 089417 Супермаркеты
2025-04-04;0;SUPERMARKET SPAR Novosibirsk RUS. Операция
2025-04-04;000.00;06:29 045898 Перевод на карту +3
2025-04-04;0;Перевод от Б. Татьяна Викторовна. Операция по
2025-04-03;-271.70;14:10 255522 Супермаркеты
2025-04-03;0;MARIYA-RA Novosibirsk RUS. Операция по карте
2025-04-03;000.00;10:05 737864 Перевод на карту +1
2025-04-03;0;Перевод от Б. Татьяна Викторовна. Операция по
2025-04-02;-452.70;18:16 401643 Супермаркеты
2025-04-02;0;MARIYA-RA Novosibirsk RUS. Операция по карте
2025-04-02;225.00;14:58 640679 Рестораны и кафе
2025-04-02;0;VILKA-LOZHKA Novosibirsk RUS. Операция по
2025-04-02;260.00;06:51 163805 Прочие операции
2025-04-02;0;MAPP_SBERBANK_ONL@IN_PAY. Операция по
2025-03-31;-509.60;20:12 530507 Супермаркеты
2025-03-31;0;MARIYA-RA Novosibirsk RUS. Операция по карте
2025-03-28;-235.30;17:34 386855 Супермаркеты
2025-03-28;0;MARIYA-RA Novosibirsk RUS. Операция по карте
2025-03-27;-500.00;07:45 195417 Оплата по QR–коду СБП
2025-03-27;0;Новотелеком. Операция по карте ****3856
2025-03-27;500.00;05:55 098460 Перевод на карту +
2025-03-27;0;Перевод от Б. Татьяна Викторовна. Операция по
2025-03-26;-166.80;13:39 140343 Супермаркеты
2025-03-26;0;MARIYA-RA Novosibirsk RUS. Операция по карте
2025-03-26;-389.99;13:35 492193 Супермаркеты
2025-03-26;0;KRASNOE&BELOE Novosibirsk RUS. Операция по
2025-03-25;-186.00;15:04 450965 Супермаркеты
2025-03-25;0;MARIYA-RA Novosibirsk RUS. Операция по карте
2025-03-25;-389.99;15:01 311770 Супермаркеты
2025-03-25;0;KRASNOE&BELOE Novosibirsk RUS. Операция по
2025-03-22;-109.00;16:40 628614 Оплата по QR–коду СБП
2025-03-22;0;Озон Банк (Ozon). Операция по карте ****3856
2025-03-22;-273.80;13:53 475051 Супермаркеты
2025-03-22;0;MARIYA-RA Novosibirsk RUS. Операция по карте
2025-03-22;-389.99;13:49 381158 Супермаркеты
2025-03-22;0;KRASNOE&BELOE Novosibirsk RUS. Операция по
2025-03-21;-20.99;15:53 963820 Супермаркеты
2025-03-21;0;MAGNIT MM TUSHENKA Novosibirsk RUS.
2025-03-21;-59.99;14:19 229604 Супермаркеты
2025-03-21;0;SUPERMARKET SPAR Novosibirsk RUS. Операция
2025-03-20;-692.00;14:01 687531 Оплата по QR–коду СБП
2025-03-20;0;Озон Банк (Ozon). Операция по карте ****3856
2025-03-20;-146.80;16:09 439759 Супермаркеты
2025-03-20;0;MARIYA-RA Novosibirsk RUS. Операция по карте
2025-03-20;000.00;07:29 604407 Перевод на карту +3
2025-03-20;0;Перевод от Б. Татьяна Викторовна. Операция по
2025-03-20;-450.00;05:39 093721 Оплата по QR–коду СБП
2025-03-20;0;t2_SBP. Операция по карте ****3856
2025-03-18;-192.10;12:43 120496 Супермаркеты
2025-03-18;0;MARIYA-RA Novosibirsk RUS. Операция по карте
2025-03-18;-199.99;10:47 761503 Супермаркеты
2025-03-18;0;KRASNOE&BELOE Novosibirsk RUS. Операция по
2025-03-18;340.00;06:35 190988 Перевод с карты
2025-03-18;0;Перевод для П. Павел Владимирович. Операция
2025-03-18;63.00;05:44 249204 Перевод с карты
2025-03-18;0;Перевод для П. Павел Владимирович. Операция
2025-03-17;380.00;17:42 157932 Рестораны и кафе
2025-03-17;0;GRILNICA Novosibirsk RUS. Операция по карте
2025-03-17;50.00;13:30 660104 Перевод с карты
2025-03-17;0;Перевод для П. Павел Владимирович. Операция
2025-03-17;380.00;08:36 177026 Прочие операции
2025-03-17;0;MAPP_SBERBANK_ONL@IN_PAY. Операция по
2025-03-16;-109.00;22:09 955403 Оплата по QR–коду СБП 1
2025-03-16;0;Озон Банк (Ozon). Операция по карте ****3856
2025-03-15;-199.99;10:40 336138 Супермаркеты
2025-03-15;0;MAGNIT MM TUSHENKA Novosibirsk RUS.
2025-03-14;-148.80;17:37 862415 Супермаркеты
2025-03-14;0;MARIYA-RA Novosibirsk RUS. Операция по карте
2025-03-14;-99.99;14:17 867828 Супермаркеты
2025-03-14;0;SUPERMARKET SPAR Novosibirsk RUS. Операция
2025-03-13;40.00;12:59 850972 Транспорт
2025-03-13;0;PROEZD NOVOSIB_NAZEM_RBS Novosibirsk RUS.
2025-03-13;-352.80;16:29 056375 Супермаркеты
2025-03-13;0;MARIYA-RA Novosibirsk RUS. Операция по карте
2025-03-13;40.00;08:59 666370 Перевод на карту +
2025-03-13;0;Перевод от П. Владислав Александрович.
2025-03-12;-99.99;15:15 089288 Супермаркеты
2025-03-12;0;SUPERMARKET SPAR Novosibirsk RUS. Операция
2025-03-11;-571.00;20:47 385727 Оплата по QR–коду СБП
2025-03-11;0;Озон Банк (Ozon). Операция по карте ****3856
2025-03-11;-291.60;14:21 851937 Супермаркеты
2025-03-11;0;MARIYA-RA Novosibirsk RUS. Операция по карте
2025-03-11;-349.00;14:17 981672 Супермаркеты
2025-03-11;0;KRASNOE&BELOE Novosibirsk RUS. Операция по
2025-03-08;40.00;18:46 575376 Транспорт
2025-03-09;0;TRANSPORT NSK METRO NOVOSIBIRSK RUS.
2025-03-09;-123.00;14:52 246091 Супермаркеты
2025-03-09;0;MARIYA-RA Novosibirsk RUS. Операция по карте
2025-03-08;297.00;10:21 872579 Здоровье и красота
2025-03-08;0;APTEKA 26.1 Novosibirsk RUS. Операция по карте
2025-03-07;-375.80;20:34 613640 Супермаркеты
2025-03-07;0;MARIYA-RA Novosibirsk RUS. Операция по карте
2025-03-07;-69.99;14:27 072077 Супермаркеты
2025-03-07;0;MAGNIT MM TUSHENKA Novosibirsk RUS.
2025-03-06;67.00;16:55 923347 Перевод СБП
2025-03-06;0;Перевод для Д. Вячеслав Вячеславович. Операция
2025-03-05;000.00;18:18 159590 Перевод на карту +3
2025-03-05;0;Перевод от Б. Татьяна Викторовна. Операция по
2025-03-04;-201.80;10:45 057208 Супермаркеты
2025-03-04;0;MARIYA-RA Novosibirsk RUS. Операция по карте
2025-03-04;-416.99;10:42 528022 Супермаркеты
2025-03-04;0;KRASNOE&BELOE Novosibirsk RUS. Операция по
2025-03-03;408.00;09:34 691364 Прочие операции
2025-03-03;0;MAPP_SBERBANK_ONL@IN_PAY. Операция по
2025-03-03;995.28;08:34 593506 Прочие операции +5
2025-03-03;0;Перевод с брокерского счёта. Операция по карте
2025-03-02;-251.00;10:16 854187 Оплата по QR–коду СБП
2025-03-02;0;Озон Банк (Ozon). Операция по карте ****3856
2025-03-01;-000.00;11:10 977584 Оплата по QR–коду СБП 1
2025-03-01;0;Новотелеком. Операция по карте ****3856
2025-03-01;000.00;11:05 195201 Перевод на карту +1
2025-03-01;0;Перевод от Б. Татьяна Викторовна. Операция по
2025-02-28;-500.00;18:03 063634 Оплата по QR–коду СБП 1
2025-02-28;0;Озон Банк (Ozon). Операция по карте ****3856
2025-02-28;204.00;17:57 645027 Перевод с карты 1
2025-02-28;0;Перевод для Б. Екатерина Евгеньевна. Операция
2025-02-28;020.55;16:44 993523 Прочие операции +2
2025-02-28;0;SBERBANK ONL@IN VKLAD-KARTA. Операция по
2025-02-28;-158.90;16:11 409535 Супермаркеты
2025-02-28;0;MARIYA-RA Novosibirsk RUS. Операция по карте
2025-02-28;-99.99;14:18 855425 Супермаркеты
2025-02-28;0;SUPERMARKET SPAR Novosibirsk RUS. Операция
2025-02-26;40.00;20:37 929201 Транспорт
2025-02-27;0;NSK METROPOLITEN NOVOSIBIRSK RUS. Операция
2025-02-27;-287.80;12:00 828985 Супермаркеты
2025-02-27;0;MARIYA-RA Novosibirsk RUS. Операция по карте
2025-02-27;-349.99;11:55 249395 Супермаркеты
2025-02-27;0;KRASNOE&BELOE Novosibirsk RUS. Операция по
2025-02-27;000.00;07:42 340762 Прочие операции +1
2025-02-27;0;SBERBANK ONL@IN VKLAD-KARTA. Операция по
2025-02-26;750.00;15:33 990264 Перевод с карты
2025-02-26;0;Перевод для П. Павел Владимирович. Операция
2025-02-22;340.00;10:44 755679 Рестораны и кафе
2025-02-22;0;BEZUMNO SHAURMA Novosibirsk RUS. Операция
2025-02-22;500.00;10:25 112977 Перевод с карты 1
2025-02-22;0;Перевод для Б. Екатерина Евгеньевна. Операция
2025-02-22;-365.80;13:03 397644 Супермаркеты
2025-02-22;0;MARIYA-RA Novosibirsk RUS. Операция по карте
2025-02-21;-149.00;16:40 355879 Супермаркеты
2025-02-21;0;FIXPRICE 8528 Novosibirsk RUS. Операция по
2025-02-21;-349.99;16:39 239689 Супермаркеты
2025-02-21;0;KRASNOE&BELOE Novosibirsk RUS. Операция по
2025-02-21;-79.99;13:28 857524 Супермаркеты
2025-02-21;0;SUPERMARKET SPAR Novosibirsk RUS. Операция
2025-02-20;87.00;18:28 403530 Перевод СБП
2025-02-20;0;Перевод для Д. Вячеслав Вячеславович. Операция
2025-02-20;-435.70;16:05 504023 Супермаркеты
2025-02-20;0;MARIYA-RA Novosibirsk RUS. Операция по карте
2025-02-20;000.00;11:04 322821 Перевод на карту +3
2025-02-20;0;Перевод от Б. Татьяна Викторовна. Операция по
2025-02-20;000.00;11:04 462190 Прочие операции +1
2025-02-20;0;SBERBANK ONL@IN VKLAD-KARTA. Операция по
2025-02-20;-200.00;06:11 223430 Оплата по QR–коду СБП
2025-02-20;0;t2. Операция по карте ****3856
2025-02-18;-293.10;11:04 363170 Супермаркеты
2025-02-18;0;MARIYA-RA Novosibirsk RUS. Операция по карте
2025-02-18;-358.89;11:00 396612 Супермаркеты
2025-02-18;0;KRASNOE&BELOE Novosibirsk RUS. Операция по
2025-02-18;000.00;06:45 908146 Прочие операции +1
2025-02-18;0;SBERBANK ONL@IN VKLAD-KARTA. Операция по
2025-02-17;-501.70;19:26 148889 Супермаркеты
2025-02-17;0;MARIYA-RA Novosibirsk RUS. Операция по карте
2025-02-17;379.00;13:20 125070 Перевод на карту +
2025-02-17;0;Перевод от П. Павел Владимирович. Операция по
2025-02-17;882.00;17:14 516031 Рестораны и кафе
2025-02-17;0;ARRAKIS GRUEVSKAYA Novosibirsk RUS. Операция
2025-02-17;-99.99;15:02 361715 Супермаркеты
2025-02-17;0;SUPERMARKET SPAR Novosibirsk RUS. Операция
2025-02-15;-000.00;15:17 057073 Оплата по QR–коду СБП 2
2025-02-15;0;Озон Банк (Ozon). Операция по карте ****3856
2025-02-15;-500.00;08:10 485648 Оплата по QR–коду СБП
2025-02-15;0;Новотелеком. Операция по карте ****3856
2025-02-15;500.00;07:55 216948 Перевод на карту +
2025-02-15;0;Перевод от Б. Татьяна Викторовна. Операция по
2025-02-14;000.00;13:49 043491 Перевод СБП +1
2025-02-14;0;Перевод от Б. Евгений Геннадьевич. Операция по
2025-02-14;-139.99;17:21 188842 Супермаркеты
2025-02-14;0;PYATEROCHKA 13197 Novosibirsk RUS. Операция
2025-02-14;-55.00;16:06 500006 Супермаркеты
2025-02-14;0;FIXPRICE 4991 Novosibirsk RUS. Операция по
2025-02-14;-74.99;14:17 189263 Супермаркеты
2025-02-14;0;SUPERMARKET SPAR Novosibirsk RUS. Операция
2025-02-13;116.00;15:11 445341 Перевод СБП
2025-02-13;0;Перевод для Д. Вячеслав Вячеславович. Операция
2025-02-12;-489.10;19:13 270000 Супермаркеты
2025-02-12;0;MARIYA-RA Novosibirsk RUS. Операция по карте
2025-02-12;-358.89;19:04 461527 Супермаркеты
2025-02-12;0;KRASNOE&BELOE Novosibirsk RUS. Операция по
2025-02-12;369.00;15:55 805934 Рестораны и кафе
2025-02-12;0;ARRAKIS GRUEVSKAYA Novosibirsk RUS. Операция
2025-02-12;-75.69;15:54 337233 Супермаркеты
2025-02-12;0;KRASNOE&BELOE Novosibirsk RUS. Операция по
2025-02-12;300.00;08:36 366196 Прочие операции
2025-02-12;0;MAPP_SBERBANK_ONL@IN_PAY. Операция по
2025-02-09;-237.00;18:55 324976 Оплата по QR–коду СБП
2025-02-09;0;Озон Банк (Ozon). Операция по карте ****3856
2025-02-08;-94.90;17:00 944193 Супермаркеты
2025-02-08;0;MARIYA-RA Novosibirsk RUS. Операция по карте
2025-02-07;-406.20;15:38 366769 Супермаркеты
2025-02-07;0;MARIYA-RA Novosibirsk RUS. Операция по карте
2025-02-07;-466.89;15:33 167629 Супермаркеты
2025-02-07;0;KRASNOE&BELOE Novosibirsk RUS. Операция по
2025-02-06;-012.00;06:33 679589 Оплата по QR–коду СБП 1
2025-02-06;0;Озон Банк (Ozon). Операция по карте ****3856
2025-02-05;-358.89;19:07 149111 Супермаркеты
2025-02-05;0;KRASNOE&BELOE Novosibirsk RUS. Операция по
2025-02-05;-149.00;19:05 249387 Супермаркеты
2025-02-05;0;FIXPRICE 8528 Novosibirsk RUS. Операция по
2025-02-05;369.00;17:21 191229 Рестораны и кафе
2025-02-05;0;ARRAKIS GRUEVSKAYA Novosibirsk RUS. Операция
2025-02-05;77.00;13:18 269421 Перевод с карты
2025-02-05;0;Перевод для П. Павел Владимирович. Операция
2025-02-05;000.00;07:19 632907 Перевод на карту +3
2025-02-05;0;Перевод от Б. Татьяна Викторовна. Операция по
2025-02-04;369.00;13:39 844316 Рестораны и кафе
2025-02-04;0;ARRAKIS GRUEVSKAYA Novosibirsk RUS. Операция
2025-02-04;-62.99;13:33 984064 Супермаркеты
2025-02-04;0;KRASNOE&BELOE Novosibirsk RUS. Операция по
2025-02-04;-58.89;09:37 565388 Супермаркеты
2025-02-04;0;KRASNOE&BELOE Novosibirsk RUS. Операция по
2025-02-01;-111.30;16:56 939426 Супермаркеты
2025-02-01;0;MARIYA-RA Novosibirsk RUS. Операция по карте
2025-01-31;200.00;11:45 866991 Прочие операции +3
2025-01-31;0;Стипендия учащимся. Операция по карте ****3856
2025-01-30;-43.90;20:41 727237 Супермаркеты
2025-01-30;0;MARIYA-RA Novosibirsk RUS. Операция по карте
2025-01-30;-668.70;20:38 349397 Супермаркеты
2025-01-30;0;MARIYA-RA Novosibirsk RUS. Операция по карте
2025-01-30;-156.25;20:31 994001 Супермаркеты 1
2025-01-30;0;KRASNOE&BELOE Novosibirsk RUS. Операция по
2025-01-30;000.00;16:28 030396 Перевод на карту +2
2025-01-30;0;Перевод от П. Павел Владимирович. Операция по
2025-01-30;000.00;16:27 261877 Прочие операции +1
2025-01-30;0;SBERBANK ONL@IN VKLAD-KARTA. Операция по
2025-01-30;-414.00;20:26 862773 Супермаркеты
2025-01-30;0;FIXPRICE 8528 Novosibirsk RUS. Операция по
2025-01-30;-183.06;20:21 860721 Супермаркеты
2025-01-30;0;PYATEROCHKA 19882 Novosibirsk RUS. Операция
2025-01-29;-46.40;08:35 621609 Супермаркеты
2025-01-29;0;MARIYA-RA Novosibirsk RUS. Операция по карте
2025-01-26;-79.99;09:01 359145 Супермаркеты
2025-01-26;0;PYATEROCHKA 9514 Omsk RUS. Операция по
2025-01-25;-000.00;14:50 702948 Оплата по QR–коду СБП 1
2025-01-25;0;Новотелеком. Операция по карте ****3856
2025-01-25;000.00;14:50 726817 Перевод на карту +1
2025-01-25;0;Перевод от Б. Татьяна Викторовна. Операция по
2025-01-25;-422.50;09:16 662516 Супермаркеты
2025-01-25;0;MARIYA-RA Novosibirsk RUS. Операция по карте
2025-01-22;-490.60;15:02 074355 Супермаркеты
2025-01-22;0;MARIYA-RA Novosibirsk RUS. Операция по карте
2025-01-21;-423.40;13:40 436938 Супермаркеты
2025-01-21;0;MARIYA-RA Novosibirsk RUS. Операция по карте
2025-01-21;-358.89;13:35 072721 Супермаркеты
2025-01-21;0;KRASNOE&BELOE Novosibirsk RUS. Операция по
2025-01-21;-249.00;13:33 915789 Супермаркеты
2025-01-21;0;FIXPRICE 8528 Novosibirsk RUS. Операция по
2025-01-20;000.00;06:15 951163 Перевод на карту +3
2025-01-20;0;Перевод от Б. Татьяна Викторовна. Операция по
2025-01-18;-187.00;21:27 242283 Оплата по QR–коду СБП
2025-01-18;0;Озон Банк (Ozon). Операция по карте ****3856
2025-01-18;-064.00;14:01 218479 Оплата по QR–коду СБП 2
2025-01-18;0;Озон Банк (Ozon). Операция по карте ****3856
2025-01-18;000.00;13:57 686658 Перевод с карты 30
2025-01-18;0;Перевод для Б. Татьяна Викторовна. Операция по
2025-01-18;000.00;13:57 792523 Прочие операции +32
2025-01-18;0;SBERBANK ONL@IN VKLAD-KARTA. Операция по
2025-01-18;000.00;11:59 516278 Прочие операции +1
2025-01-18;0;SBERBANK ONL@IN VKLAD-KARTA. Операция по
2025-01-17;-365.00;13:55 657952 Супермаркеты
2025-01-17;0;MARIYA-RA Novosibirsk RUS. Операция по карте
2025-01-17;-322.99;13:50 363610 Супермаркеты
2025-01-17;0;KRASNOE&BELOE Novosibirsk RUS. Операция по
2025-01-16;70.00;11:10 579695 Перевод с карты
2025-01-16;0;Перевод для П. Павел Владимирович. Операция
2025-01-16;000.00;11:10 703946 Прочие операции +1
2025-01-16;0;SBERBANK ONL@IN VKLAD-KARTA. Операция по
2025-01-16;369.00;13:12 112254 Рестораны и кафе
2025-01-16;0;ARRAKIS GRUEVSKAYA Novosibirsk RUS. Операция
2025-01-16;-62.99;13:10 857038 Супермаркеты
2025-01-16;0;KRASNOE&BELOE Novosibirsk RUS. Операция по
2025-01-15;-322.90;15:18 393746 Супермаркеты
2025-01-15;0;MARIYA-RA Novosibirsk RUS. Операция по карте
2025-01-14;-266.70;14:32 661713 Супермаркеты
2025-01-14;0;MARIYA-RA Novosibirsk RUS. Операция по карте
2025-01-13;000.00;08:23 479094 Прочие операции 1
2025-01-13;0;SBERBANK ONL@IN KARTA-VKLAD. Операция по
2025-01-13;350.00;08:23 791462 Прочие операции
2025-01-13;0;MAPP_SBERBANK_ONL@IN_PAY. Операция по
2025-01-11;000.00;20:05 715593 Прочие операции +1
2025-01-11;0;SBERBANK ONL@IN VKLAD-KARTA. Операция по
2025-01-11;246.27;20:04 873602 Прочие операции +1
2025-01-11;0;SBERBANK ONL@IN VKLAD-KARTA. Операция по
2025-01-11;000.00;20:03 522732 Перевод с карты 1
2025-01-11;0;Перевод для П. Павел Владимирович. Операция
2025-01-11;-358.10;15:39 107614 Супермаркеты
2025-01-11;0;MARIYA-RA Novosibirsk RUS. Операция по карте
2025-01-11;000.00;11:30 931112 Прочие операции +1
2025-01-11;0;SBERBANK ONL@IN VKLAD-KARTA. Операция по
2025-01-09;-450.90;12:50 881631 Супермаркеты
2025-01-09;0;MARIYA-RA Novosibirsk RUS. Операция по карте
2025-01-09;333.00;10:31 324098 Рестораны и кафе
2025-01-09;0;ARRAKIS GRUEVSKAYA Novosibirsk RUS. Операция
2025-01-09;-63.89;10:23 983578 Супермаркеты
2025-01-09;0;KRASNOE&BELOE Novosibirsk RUS. Операция по
2025-01-08;100.00;15:28 302735 Прочие операции
2025-01-08;0;MAPP_SBERBANK_ONL@IN_PAY. Операция по
2025-01-06;-218.50;19:27 821434 Супермаркеты
2025-01-06;0;MARIYA-RA Novosibirsk RUS. Операция по карте
2025-01-05;-589.00;14:20 553376 Оплата по QR–коду СБП
2025-01-05;0;Озон Банк (Ozon). Операция по карте ****3856
2025-01-04;-810.40;11:44 036361 Супермаркеты
2025-01-04;0;MARIYA-RA Novosibirsk RUS. Операция по карте
2025-01-01;100.00;13:45 015067 Прочие операции
2025-01-01;0;MAPP_SBERBANK_ONL@IN_PAY. Операция по
2025-01-01;-81.80;13:38 419237 Супермаркеты
2025-01-01;0;MARIYA-RA Novosibirsk RUS. Операция по карте
2024-12-29;-000.00;09:46 307572 Оплата по QR–коду СБП 1
2024-12-29;0;Новотелеком. Операция по карте ****3856
2024-12-29;000.00;07:58 217034 Перевод на карту +1
2024-12-29;0;Перевод от Б. Татьяна Викторовна. Операция по
2024-12-27;250.00;11:01 864280 Перевод на карту +
2024-12-27;0;Перевод от П. Павел Владимирович. Операция по
2024-12-27;-254.30;13:33 437853 Супермаркеты
2024-12-27;0;MARIYA-RA Novosibirsk RUS. Операция по карте
2024-12-27;-748.85;11:58 312307 Супермаркеты
2024-12-27;0;KRASNOE&BELOE Novosibirsk RUS. Операция по
2024-12-27;41.00;07:37 621082 Перевод с карты
2024-12-27;0;Перевод для Г. Сергей Васильевич. Операция по
2024-12-26;200.00;17:07 468608 Перевод с карты
2024-12-26;0;Перевод для Д. Вячеслав Вячеславович. Операция
2024-12-26;200.00;13:05 911423 Прочие операции +3
2024-12-26;0;Стипендия учащимся. Операция по карте ****3856
2024-12-25;390.00;09:58 084285 Перевод с карты
2024-12-25;0;Перевод для К. Полина Сергеевна. Операция по
2024-12-25;-59.99;13:27 667244 Супермаркеты
2024-12-25;0;MAGNIT GM Novosibirsk 1 Novosibirsk RUS.
2024-12-21;-697.39;16:32 158362 Супермаркеты
2024-12-21;0;YARCHE Novosibirsk RUS. Операция по карте
2024-12-21;-46.79;12:14 327493 Супермаркеты
2024-12-21;0;MAGNIT MM PARMENID Novosibirsk RUS. Операция
2024-12-20;-237.80;18:12 400814 Супермаркеты
2024-12-20;0;MARIYA-RA Novosibirsk RUS. Операция по карте
2024-12-20;-000.00;10:11 161520 Оплата по QR–коду СБП 1
2024-12-20;0;t2. Операция по карте ****3856
2024-12-20;000.00;09:36 662071 Перевод на карту +3
2024-12-20;0;Перевод от Б. Татьяна Викторовна. Операция по
2024-12-20;50.00;04:21 971950 Перевод с карты
2024-12-20;0;Перевод для П. Павел Владимирович. Операция
2024-12-19;105.00;13:59 128715 Перевод с карты
2024-12-19;0;Перевод для Д. Вячеслав Вячеславович. Операция
2024-12-19;-117.90;17:56 255606 Супермаркеты
2024-12-19;0;MARIYA-RA Novosibirsk RUS. Операция по карте
2024-12-19;34.00;12:41 250998 Перевод СБП
2024-12-19;0;Перевод для И. Максим Александрович. Операция
2024-12-19;-300.00;06:32 081425 Оплата по QR–коду СБП
2024-12-19;0;"Транспортная карта - Новосибирск". Операция по
2024-12-18;-117.90;17:02 890764 Супермаркеты
2024-12-18;0;MARIYA-RA Novosibirsk RUS. Операция по карте
2024-12-18;225.00;14:07 975707 Рестораны и кафе
2024-12-18;0;VILKA-LOZHKA Novosibirsk RUS. Операция по
2024-12-18;89.00;09:56 586225 Перевод на карту +
2024-12-18;0;Перевод от К. Полина Сергеевна. Операция по
2024-12-18;-124.98;13:53 772499 Супермаркеты
2024-12-18;0;KRASNOE&BELOE Novosibirsk RUS. Операция по
2024-12-17;-171.70;13:00 320652 Супермаркеты
2024-12-17;0;MARIYA-RA Novosibirsk RUS. Операция по карте
2024-12-17;000.00;08:00 400124 Прочие операции +1
2024-12-17;0;SBERBANK ONL@IN VKLAD-KARTA. Операция по
2024-12-14;-568.00;18:32 961780 Оплата по QR–коду СБП 6
2024-12-14;0;Озон Банк (Ozon). Операция по карте ****3856
2024-12-14;000.00;15:34 458834 Перевод на карту +5
2024-12-14;0;Перевод от Б. Евгений Геннадьевич. Операция по
2024-12-14;000.00;15:33 776571 Прочие операции +2
2024-12-14;0;SBERBANK ONL@IN VKLAD-KARTA. Операция по
2024-12-13;400.00;14:55 356075 Перевод с карты 1
2024-12-13;0;Перевод для Б. Татьяна Викторовна. Операция по
2024-12-13;-620.80;15:15 376293 Супермаркеты
2024-12-13;0;MARIYA-RA Novosibirsk RUS. Операция по карте
2024-12-12;-373.10;17:13 516405 Супермаркеты
2024-12-12;0;MARIYA-RA Novosibirsk RUS. Операция по карте
2024-12-12;500.00;12:21 205262 Перевод с карты 1
2024-12-12;0;Перевод для П. Павел Владимирович. Операция
2024-12-12;20.00;13:29 494870 Прочие расходы
2024-12-12;0;IP DIBROVA M.G Novosibirsk RUS. Операция по
2024-12-10;-350.60;15:45 807672 Супермаркеты
2024-12-10;0;MARIYA-RA Novosibirsk RUS. Операция по карте
2024-12-10;-204.98;13:24 128242 Супермаркеты
2024-12-10;0;SUPERMARKET SPAR Novosibirsk RUS. Операция
2024-12-09;000.00;16:50 749211 Прочие операции 1
2024-12-09;0;VK ARNIKA Novosibirsk RUS. Операция по карте
2024-12-06;130.00;10:18 471882 Перевод с карты
2024-12-06;0;Перевод для П. Павел Владимирович. Операция
2024-12-06;000.00;09:58 997663 Перевод на карту +1
2024-12-06;0;Перевод от Б. Татьяна Викторовна. Операция по
2024-12-05;-000.00;08:22 378399 Оплата по QR–коду СБП 1
2024-12-05;0;Новотелеком. Операция по карте ****3856
2024-12-05;000.00;07:37 380269 Перевод на карту +4
2024-12-05;0;Перевод от Б. Татьяна Викторовна. Операция по
2024-12-05;-422.60;10:23 381929 Супермаркеты
2024-12-05;0;MARIYA-RA Novosibirsk RUS. Операция по карте
2024-12-04;93.00;09:05 421307 Перевод с карты
2024-12-04;0;Перевод для К. Полина Сергеевна. Операция по
2024-12-04;250.00;08:42 272880 Перевод с карты
2024-12-04;0;Перевод для К. Полина Сергеевна. Операция по
2024-12-04;-64.99;12:10 247354 Супермаркеты
2024-12-04;0;YARCHE Novosibirsk RUS. Операция по карте
2024-12-02;-679.50;16:23 276816 Супермаркеты
2024-12-02;0;MARIYA-RA Novosibirsk RUS. Операция по карте
2024-12-01;-133.30;20:18 678897 Супермаркеты
2024-12-01;0;MARIYA-RA Novosibirsk RUS. Операция по карте
2024-12-01;000.00;11:43 304835 Прочие операции 15
2024-12-01;0;SBERBANK ONL@IN KARTA-VKLAD. Операция по
2024-12-01;000.00;10:58 022624 Внесение наличных +15
2024-12-01;0;ATM 60197186 NOVOSIBIRSK RUS. Операция по
2024-12-01;-500.00;08:26 858837 Оплата по QR–коду СБП
2024-12-01;0;"Транспортная карта - Новосибирск". Операция по
